<?xml version="1.0" encoding="UTF-8"?>
<project>
  <core name="" type="" target="">
    <kernel name="Sobel_Stream" language="c" vlnv="xilinx.com:hls:Sobel_Stream:1.0" attributes="" hash="" preferredWorkGroupSizeMultiple="0" workGroupSize="1" debug="false" interrupt="true">
      <port name="S_AXI_CONTROL" mode="slave" range="0x1000" dataWidth="32" portType="addressable" base="0x00000000"/>
      <arg name="height" addressQualifier="0" id="0" port="S_AXI_CONTROL" size="0x4" offset="0x10" hostOffset="0x0" hostSize="0x4" type="int"/>
      <arg name="width" addressQualifier="0" id="1" port="S_AXI_CONTROL" size="0x4" offset="0x18" hostOffset="0x0" hostSize="0x4" type="int"/>
      <compileWorkGroupSize x="1" y="1" z="1"/>
    </kernel>
  </core>
</project>
